"Contrast","Pvalue","Pvalue_BH"
"Fusobacterium - Bacteroidia",0.00574970182775143,0.00903524572932368
"Fusobacterium - Firmicutes",0.00574278119895961,0.00903524572932368
"Fusobacterium - Proteobacteria",0.00574140338198612,0.00903524572932368
"Fusobacterium - Actinobacteriota",0.00574356131114007,0.00903524572932368
"Fusobacterium - Aliarcobacter",0.0120353626480434,0.0127797346985164
"Fusobacterium - Negativicutes",0.00570281919929022,0.00903524572932368
"Fusobacterium - Desulfovibrionaceae",0.0112858282271714,0.0127797346985164
"Fusobacterium - Firmicutes_B",0.00728159498389942,0.0100121931028617
"Fusobacterium - Verrucomicrobiae",0.00454116309328308,0.00903524572932368
"Fusobacterium - RF39",0.0127797346985164,0.0127797346985164
"Fusobacterium - Firmicutes_A",0.00572810637151907,0.00903524572932368
