"Method","Group","N_features","Estimate","SE","CI_low","CI_high","Pvalue"
"treeFA","Bacteroidia",14,1.6906311289072,2.79073894165031,-3.77911668698083,7.16037894479523,0.544647217993828
"treeFA","Firmicutes",14,-1.50324171687139,3.02115742631905,-7.42460146408244,4.41811803033967,0.618786122601209
"treeFA","Proteobacteria",10,-0.346899454232617,5.79965163576186,-11.7140077832047,11.0202088747394,0.952303899946179
"treeFA","Actinobacteriota",9,-0.377655101409524,2.57467942555254,-5.42393404722877,4.66862384440973,0.883384261154816
"treeFA","Aliarcobacter",1,377.379639259442,359.065146782271,-326.375116537398,1081.13439505628,0.293255814203757
"treeFA","Fusobacterium",1,5688.20683433836,2059.34703428094,1651.96081547835,9724.45285319838,0.00574236772550962
"treeFA","Negativicutes",6,-9.64036612132001,12.014977771191,-33.1892898279037,13.9085575852637,0.422343369808884
"treeFA","Desulfovibrionaceae",2,272.797369194311,289.075831532983,-293.780849411303,839.375587799926,0.345329150592878
"treeFA","Firmicutes_B",2,174.763396839911,229.912565531971,-275.856951195957,625.383744875778,0.447176990027344
"treeFA","Verrucomicrobiae",2,-145.827644479259,133.200274075944,-406.895384398973,115.240095440455,0.273604317698659
"treeFA","RF39",1,-721.469810600842,1485.39159016305,-3632.78383025909,2189.84420905741,0.627172667805689
"treeFA","Firmicutes_A",23,-1.76423421011123,0.825210418461176,-3.38161690996236,-0.146851510260096,0.0325232020628788
"RARE","Others",63,1.68311913562698,1.42329623079045,-1.10649021605392,4.47272848730788,0.236987488871178
"RARE","Clostridia",22,-1.8631992914477,0.780470725118608,-3.39289380366803,-0.333504779227364,0.0169737275847001
"LASSO","Adlercreutzia",1,-431.894337877232,342.756765793383,-1103.68525428969,239.89657853523,0.207647457978478
"LASSO","Planococcaceae",1,26.9722394429398,1691.63065623805,-3288.56292192749,3342.50740081337,0.987278652396127
"LASSO","Clostridiales",1,-23.4122766404424,15.3247329890725,-53.4482013717174,6.62364809083263,0.12657598515845
"LASSO","Lachnospiraceae",1,-8.84178141480614,5.01667286854822,-18.6742795593799,0.990716729767605,0.0779883733430733
"LASSO","Coprococcus",1,10.146376292023,15.2017486899869,-19.6485036423803,39.9412562264263,0.504486034025978
"LASSO","Ruminococcaceae",1,7.24562503525271,6.80505426905469,-6.09203624493501,20.5832863154404,0.286992835071437
"LASSO","Fusobacterium",1,4199.52006369319,2058.57644334229,164.784375319742,8234.25575206665,0.0413491587823712
